<?xml version="1.0" encoding="utf-8"?>
<extension version="2.5" type="plugin" group="j2store" method="upgrade">
    <name>jahanpay Payment j2Store</name>
    <version>1.0</version>
    <creationDate>2016</creationDate>
    <author>Ramin angooti</author>
    <authorEmail>rmjoomla.ir@gmail.com</authorEmail>
    <authorUrl>http://rmjoomla.ir</authorUrl>
    <copyright>2016 J2Store . All rights reserved. </copyright>
    <license>GNU General Public License v2 or later</license>
    <description><![CDATA[<table><tr><td></td><td><font color="#006699"> RmJoomla تقديم ميکند: </font>&nbsp&nbsp&nbsp
	<span style="color: #0783FF">پلاگین پرداخت j2 store جوملا - درگاه جهان پی</span> <img style="float: left; position: absolute; margin: 30px 400px 30px 0px;" src="http://www.rmjoomla.ir/images/logo.png" />
<br>	_____________________________________________________________________________<br><br>
RmJoomla مرکز ارائه خدمات وب براي طراحان وب مي باشد.<br/>
<br><strong style="font-size: 14px">خدمات:</strong><ul>
<li style="color: blue">طراحي افزونه هاي جوملا در سريع ترين زمان و با تکنيک هاي مدرن</li>
<li style="color: green">طراحی سایت و قالب متناسب با سلیقه ایرانی با تکنیک های مدرن</li>
<li style="color: red">انتشار افزونه ها و آموزش های کاربردی جوملا</li>
</ul>
<strong>    وبسايت:<a href="http://www.rmjoomla.ir" target="_blank"> www.rmjoomla.ir </a>  &nbsp&nbsp&nbsp    انجمن های پشتیبانی:<a href="http://www.forum.rmjoomla.ir" target="_blank"> www.forum.rmjoomla.ir </a>  &nbsp&nbsp&nbsp   ايميل پشتيباني: Rmjoomla.ir@Gmail.com </strong> 
</td></tr></table>]]>
	</description>
    <scriptfile>script.payment_jahanpay.php</scriptfile>
    <files>
        <filename plugin="payment_jahanpay">payment_jahanpay.php</filename>
        <filename>payment_jahanpay.xml</filename>
        <filename>index.html</filename>
        <folder>payment_jahanpay</folder>
    </files>

    <languages folder="language/fa-IR">
        <language tag="fa-IR">fa-IR.plg_j2store_payment_jahanpay.ini</language>
        <language tag="fa-IR">fa-IR.plg_j2store_payment_jahanpay.sys.ini</language>
    </languages>
    <config>
        <fields name="params">
            <fieldset name="basic">
                <field name="display_name" type="text" size="30" default="" label="j2store_plugin_display_name" description="j2store_plugin_display_name_desc"/>
                <field name="merchant_id" type="text" size="30" default="oJWKB" lable="Api" />
                <field name="payment_status" type="list" default="1" label="J2STORE_jahanpay_PAYMENT_STATUS_LABEL" description="J2STORE_jahanpay_PAYMENT_STATUS_DESC">
                    <option value="1">J2STORE_CONFIRMED</option>
                    <option value="4">J2STORE_PENDING</option>
                    <option value="3">J2STORE_FAILED</option>
                </field>
            </fieldset>
        </fields>
    </config>
</extension>